<?xml version="1.0" encoding="UTF-8" standalone="yes"?>
<rtc:RtcProfile rtc:version="0.2" rtc:id="RTC:Shogo Namatame:Sensor:URG_scan:1.0.0" xmlns:rtcExt="http://www.openrtp.org/namespaces/rtc_ext" xmlns:rtcDoc="http://www.openrtp.org/namespaces/rtc_doc" xmlns:rtc="http://www.openrtp.org/namespaces/rtc" xmlns:xsi="http://www.w3.org/2001/XMLSchema-instance">
    <rtc:BasicInfo xsi:type="rtcExt:basic_info_ext" rtcExt:saveProject="URG_scan" rtc:updateDate="2012-08-29T11:26:12.707+09:00" rtc:creationDate="2012-08-29T11:26:12.707+09:00" rtc:abstract="北陽電機株式会社のLRFであるURGからデータを取得するコンポーネント" rtc:version="1.0.0" rtc:vendor="Shogo Namatame" rtc:maxInstances="1" rtc:executionType="PeriodicExecutionContext" rtc:executionRate="1000.0" rtc:description="LRF" rtc:category="Sensor" rtc:componentKind="DataFlowComponent" rtc:activityType="PERIODIC" rtc:componentType="STATIC" rtc:name="URG_scan">
        <rtcDoc:Doc rtcDoc:reference="北陽電機株式会社が公開しているサンプルプログラムの一部を利用" rtcDoc:license="BSDライセンス" rtcDoc:creator="Shogo Namatame&lt;br/&gt;b09074@shibaura-it.ac.jp" rtcDoc:algorithm="LRFと接続して計測データをOutPortから出力する" rtcDoc:inout="LRFの計測データ（距離、角度）を出力する" rtcDoc:description="北陽電機株式会社のLRFであるURGからデータを取得するコンポーネント"/>
        <rtcExt:VersionUpLogs></rtcExt:VersionUpLogs>
        <rtcExt:VersionUpLogs></rtcExt:VersionUpLogs>
        <rtcExt:VersionUpLogs></rtcExt:VersionUpLogs>
        <rtcExt:VersionUpLogs></rtcExt:VersionUpLogs>
    </rtc:BasicInfo>
    <rtc:Actions>
        <rtc:OnInitialize xsi:type="rtcDoc:action_status_doc" rtc:implemented="true">
            <rtcDoc:Doc rtcDoc:postCondition="" rtcDoc:preCondition="" rtcDoc:description="各変数の初期化を行う処理"/>
        </rtc:OnInitialize>
        <rtc:OnFinalize xsi:type="rtcDoc:action_status_doc" rtc:implemented="false"/>
        <rtc:OnStartup xsi:type="rtcDoc:action_status_doc" rtc:implemented="false"/>
        <rtc:OnShutdown xsi:type="rtcDoc:action_status_doc" rtc:implemented="false"/>
        <rtc:OnActivated xsi:type="rtcDoc:action_status_doc" rtc:implemented="true">
            <rtcDoc:Doc rtcDoc:postCondition="" rtcDoc:preCondition="LRFとPCがUSBケーブルで正しく接続されていること" rtcDoc:description="URGの計測を開始させる処理"/>
        </rtc:OnActivated>
        <rtc:OnDeactivated xsi:type="rtcDoc:action_status_doc" rtc:implemented="true">
            <rtcDoc:Doc rtcDoc:postCondition="" rtcDoc:preCondition="" rtcDoc:description="URGの計測を終了させる処理"/>
        </rtc:OnDeactivated>
        <rtc:OnAborting xsi:type="rtcDoc:action_status_doc" rtc:implemented="true">
            <rtcDoc:Doc rtcDoc:postCondition="" rtcDoc:preCondition="" rtcDoc:description="エラーが発生したときにURGの計測を止める処理"/>
        </rtc:OnAborting>
        <rtc:OnError xsi:type="rtcDoc:action_status_doc" rtc:implemented="true">
            <rtcDoc:Doc rtcDoc:postCondition="" rtcDoc:preCondition="" rtcDoc:description="エラーが発生した場合の処理"/>
        </rtc:OnError>
        <rtc:OnReset xsi:type="rtcDoc:action_status_doc" rtc:implemented="true">
            <rtcDoc:Doc rtcDoc:postCondition="" rtcDoc:preCondition="" rtcDoc:description="エラーから回復する際に、正常終了しなかった状態を整える処理"/>
        </rtc:OnReset>
        <rtc:OnExecute xsi:type="rtcDoc:action_status_doc" rtc:implemented="true">
            <rtcDoc:Doc rtcDoc:postCondition="" rtcDoc:preCondition="" rtcDoc:description="取得したデータ整理してをOutPortに出力する処理"/>
        </rtc:OnExecute>
        <rtc:OnStateUpdate xsi:type="rtcDoc:action_status_doc" rtc:implemented="false"/>
        <rtc:OnRateChanged xsi:type="rtcDoc:action_status_doc" rtc:implemented="false"/>
        <rtc:OnAction xsi:type="rtcDoc:action_status_doc" rtc:implemented="false"/>
        <rtc:OnModeChanged xsi:type="rtcDoc:action_status_doc" rtc:implemented="false"/>
    </rtc:Actions>
    <rtc:ConfigurationSet>
        <rtc:Configuration xsi:type="rtcExt:configuration_ext" rtcExt:variableName="comNo" rtc:unit="" rtc:defaultValue="com1" rtc:type="string" rtc:name="comNo">
            <rtc:Constraint>
                <rtc:ConstraintUnitType>
                    <rtc:Or>
                        <rtc:Constraint>
                            <rtc:ConstraintUnitType>
                                <rtc:propertyIsEqualTo rtc:matchCase="false">
                                    <rtc:Literal>com1</rtc:Literal>
                                </rtc:propertyIsEqualTo>
                            </rtc:ConstraintUnitType>
                        </rtc:Constraint>
                        <rtc:Constraint>
                            <rtc:ConstraintUnitType>
                                <rtc:propertyIsEqualTo rtc:matchCase="false">
                                    <rtc:Literal>com2</rtc:Literal>
                                </rtc:propertyIsEqualTo>
                            </rtc:ConstraintUnitType>
                        </rtc:Constraint>
                        <rtc:Constraint>
                            <rtc:ConstraintUnitType>
                                <rtc:propertyIsEqualTo rtc:matchCase="false">
                                    <rtc:Literal>com3</rtc:Literal>
                                </rtc:propertyIsEqualTo>
                            </rtc:ConstraintUnitType>
                        </rtc:Constraint>
                        <rtc:Constraint>
                            <rtc:ConstraintUnitType>
                                <rtc:propertyIsEqualTo rtc:matchCase="false">
                                    <rtc:Literal>com4</rtc:Literal>
                                </rtc:propertyIsEqualTo>
                            </rtc:ConstraintUnitType>
                        </rtc:Constraint>
                        <rtc:Constraint>
                            <rtc:ConstraintUnitType>
                                <rtc:propertyIsEqualTo rtc:matchCase="false">
                                    <rtc:Literal>com5</rtc:Literal>
                                </rtc:propertyIsEqualTo>
                            </rtc:ConstraintUnitType>
                        </rtc:Constraint>
                        <rtc:Constraint>
                            <rtc:ConstraintUnitType>
                                <rtc:propertyIsEqualTo rtc:matchCase="false">
                                    <rtc:Literal>com6</rtc:Literal>
                                </rtc:propertyIsEqualTo>
                            </rtc:ConstraintUnitType>
                        </rtc:Constraint>
                        <rtc:Constraint>
                            <rtc:ConstraintUnitType>
                                <rtc:propertyIsEqualTo rtc:matchCase="false">
                                    <rtc:Literal>com7</rtc:Literal>
                                </rtc:propertyIsEqualTo>
                            </rtc:ConstraintUnitType>
                        </rtc:Constraint>
                        <rtc:Constraint>
                            <rtc:ConstraintUnitType>
                                <rtc:propertyIsEqualTo rtc:matchCase="false">
                                    <rtc:Literal>com8</rtc:Literal>
                                </rtc:propertyIsEqualTo>
                            </rtc:ConstraintUnitType>
                        </rtc:Constraint>
                        <rtc:Constraint>
                            <rtc:ConstraintUnitType>
                                <rtc:propertyIsEqualTo rtc:matchCase="false">
                                    <rtc:Literal>com9</rtc:Literal>
                                </rtc:propertyIsEqualTo>
                            </rtc:ConstraintUnitType>
                        </rtc:Constraint>
                        <rtc:Constraint>
                            <rtc:ConstraintUnitType>
                                <rtc:propertyIsEqualTo rtc:matchCase="false">
                                    <rtc:Literal>com10</rtc:Literal>
                                </rtc:propertyIsEqualTo>
                            </rtc:ConstraintUnitType>
                        </rtc:Constraint>
                        <rtc:Constraint>
                            <rtc:ConstraintUnitType>
                                <rtc:propertyIsEqualTo rtc:matchCase="false">
                                    <rtc:Literal>com11</rtc:Literal>
                                </rtc:propertyIsEqualTo>
                            </rtc:ConstraintUnitType>
                        </rtc:Constraint>
                        <rtc:Constraint>
                            <rtc:ConstraintUnitType>
                                <rtc:propertyIsEqualTo rtc:matchCase="false">
                                    <rtc:Literal>com12</rtc:Literal>
                                </rtc:propertyIsEqualTo>
                            </rtc:ConstraintUnitType>
                        </rtc:Constraint>
                        <rtc:Constraint>
                            <rtc:ConstraintUnitType>
                                <rtc:propertyIsEqualTo rtc:matchCase="false">
                                    <rtc:Literal>com13</rtc:Literal>
                                </rtc:propertyIsEqualTo>
                            </rtc:ConstraintUnitType>
                        </rtc:Constraint>
                        <rtc:Constraint>
                            <rtc:ConstraintUnitType>
                                <rtc:propertyIsEqualTo rtc:matchCase="false">
                                    <rtc:Literal>com14</rtc:Literal>
                                </rtc:propertyIsEqualTo>
                            </rtc:ConstraintUnitType>
                        </rtc:Constraint>
                        <rtc:Constraint>
                            <rtc:ConstraintUnitType>
                                <rtc:propertyIsEqualTo rtc:matchCase="false">
                                    <rtc:Literal>com15</rtc:Literal>
                                </rtc:propertyIsEqualTo>
                            </rtc:ConstraintUnitType>
                        </rtc:Constraint>
                    </rtc:Or>
                </rtc:ConstraintUnitType>
            </rtc:Constraint>
            <rtcDoc:Doc rtcDoc:constraint="" rtcDoc:range="" rtcDoc:unit="" rtcDoc:description="URGに接続するポート番号の設定" rtcDoc:defaultValue="com1" rtcDoc:dataname="comNo"/>
            <rtcExt:Properties rtcExt:value="text" rtcExt:name="__widget__"/>
        </rtc:Configuration>
    </rtc:ConfigurationSet>
    <rtc:DataPorts xsi:type="rtcExt:dataport_ext" rtcExt:position="RIGHT" rtcExt:variableName="data" rtc:unit="" rtc:subscriptionType="" rtc:dataflowType="" rtc:interfaceType="" rtc:idlFile="" rtc:type="RTC::RangeData" rtc:name="LRF_Scan_Data" rtc:portType="DataOutPort">
        <rtcDoc:Doc rtcDoc:operation="" rtcDoc:occerrence="" rtcDoc:unit="mm" rtcDoc:semantics="" rtcDoc:number="" rtcDoc:type="RangeData" rtcDoc:description="URGのスキャンデータ"/>
    </rtc:DataPorts>
    <rtc:Language xsi:type="rtcExt:language_ext" rtc:kind="C++"/>
</rtc:RtcProfile>
