<?xml version="1.0" encoding="UTF-8" standalone="yes"?>
<rtc:RtcProfile rtc:version="0.2" rtc:id="RTC:Shogo Namatame:Controller:Tracking_Controller:1.0.0" xmlns:rtcExt="http://www.openrtp.org/namespaces/rtc_ext" xmlns:rtcDoc="http://www.openrtp.org/namespaces/rtc_doc" xmlns:rtc="http://www.openrtp.org/namespaces/rtc" xmlns:xsi="http://www.w3.org/2001/XMLSchema-instance">
    <rtc:BasicInfo xsi:type="rtcExt:basic_info_ext" rtcExt:saveProject="Tracking_Controller" rtc:updateDate="2012-08-25T01:40:07.258+09:00" rtc:creationDate="2012-08-25T01:40:07.258+09:00" rtc:version="1.0.0" rtc:vendor="Shogo Namatame" rtc:maxInstances="0" rtc:executionType="PeriodicExecutionContext" rtc:executionRate="1000.0" rtc:description="Controller" rtc:category="Controller" rtc:componentKind="DataFlowComponent" rtc:activityType="PERIODIC" rtc:componentType="STATIC" rtc:name="Tracking_Controller">
        <rtcDoc:Doc rtcDoc:reference="" rtcDoc:license="修正BSDライセンス" rtcDoc:creator="Shogo Namatame" rtcDoc:algorithm="背景のスキャンデータを最初に取得し、現在との差分を取ることで人を識別する。" rtcDoc:inout="LRFのスキャンデータを受け取り、モーターへの動作指示を出力する" rtcDoc:description="LRFのデータを基に人の位置を判別し、モーターに指示を出すコンポーネント"/>
        <rtcExt:VersionUpLogs></rtcExt:VersionUpLogs>
        <rtcExt:VersionUpLogs></rtcExt:VersionUpLogs>
        <rtcExt:VersionUpLogs></rtcExt:VersionUpLogs>
        <rtcExt:VersionUpLogs></rtcExt:VersionUpLogs>
    </rtc:BasicInfo>
    <rtc:Actions>
        <rtc:OnInitialize xsi:type="rtcDoc:action_status_doc" rtc:implemented="true">
            <rtcDoc:Doc rtcDoc:postCondition="" rtcDoc:preCondition="" rtcDoc:description="各変数を初期化する処理"/>
        </rtc:OnInitialize>
        <rtc:OnFinalize xsi:type="rtcDoc:action_status_doc" rtc:implemented="false"/>
        <rtc:OnStartup xsi:type="rtcDoc:action_status_doc" rtc:implemented="false"/>
        <rtc:OnShutdown xsi:type="rtcDoc:action_status_doc" rtc:implemented="false"/>
        <rtc:OnActivated xsi:type="rtcDoc:action_status_doc" rtc:implemented="true">
            <rtcDoc:Doc rtcDoc:postCondition="" rtcDoc:preCondition="" rtcDoc:description="field_dataを取得する処理"/>
        </rtc:OnActivated>
        <rtc:OnDeactivated xsi:type="rtcDoc:action_status_doc" rtc:implemented="false"/>
        <rtc:OnAborting xsi:type="rtcDoc:action_status_doc" rtc:implemented="true">
            <rtcDoc:Doc rtcDoc:postCondition="" rtcDoc:preCondition="" rtcDoc:description="エラー状態に遷移したことを通知する処理"/>
        </rtc:OnAborting>
        <rtc:OnError xsi:type="rtcDoc:action_status_doc" rtc:implemented="false"/>
        <rtc:OnReset xsi:type="rtcDoc:action_status_doc" rtc:implemented="false"/>
        <rtc:OnExecute xsi:type="rtcDoc:action_status_doc" rtc:implemented="true">
            <rtcDoc:Doc rtcDoc:postCondition="" rtcDoc:preCondition="LRFから正常にデータが送られている" rtcDoc:description="LRFのデータを取得し人を抽出、モーターに人追跡の動作指示を出す処理"/>
        </rtc:OnExecute>
        <rtc:OnStateUpdate xsi:type="rtcDoc:action_status_doc" rtc:implemented="false"/>
        <rtc:OnRateChanged xsi:type="rtcDoc:action_status_doc" rtc:implemented="false"/>
        <rtc:OnAction xsi:type="rtcDoc:action_status_doc" rtc:implemented="false"/>
        <rtc:OnModeChanged xsi:type="rtcDoc:action_status_doc" rtc:implemented="false"/>
    </rtc:Actions>
    <rtc:ConfigurationSet>
        <rtc:Configuration xsi:type="rtcExt:configuration_ext" rtcExt:variableName="stpass_range" rtc:unit="" rtc:defaultValue="10" rtc:type="int" rtc:name="stpass_range">
            <rtc:Constraint>
                <rtc:ConstraintUnitType>
                    <rtc:propertyIsBetween>
                        <rtc:LowerBoundary>0</rtc:LowerBoundary>
                        <rtc:UpperBoundary>40</rtc:UpperBoundary>
                    </rtc:propertyIsBetween>
                </rtc:ConstraintUnitType>
            </rtc:Constraint>
            <rtcDoc:Doc rtcDoc:constraint="" rtcDoc:range="0&lt;=x&lt;=40" rtcDoc:unit="" rtcDoc:description="strong_pass_filter内の検査範囲指定変数" rtcDoc:defaultValue="10" rtcDoc:dataname="stpass_range"/>
            <rtcExt:Properties rtcExt:value="text" rtcExt:name="__widget__"/>
        </rtc:Configuration>
        <rtc:Configuration xsi:type="rtcExt:configuration_ext" rtcExt:variableName="stpass_limit" rtc:unit="" rtc:defaultValue="5" rtc:type="int" rtc:name="stpass_limit">
            <rtcDoc:Doc rtcDoc:constraint="" rtcDoc:range="" rtcDoc:unit="" rtcDoc:description="strong_pass_filterで使用するデータ削除闘値" rtcDoc:defaultValue="5" rtcDoc:dataname="stpass_limit"/>
            <rtcExt:Properties rtcExt:value="text" rtcExt:name="__widget__"/>
        </rtc:Configuration>
        <rtc:Configuration xsi:type="rtcExt:configuration_ext" rtcExt:variableName="wkpass_range" rtc:unit="" rtc:defaultValue="10" rtc:type="int" rtc:name="wkpass_range">
            <rtc:Constraint>
                <rtc:ConstraintUnitType>
                    <rtc:propertyIsBetween>
                        <rtc:LowerBoundary>0</rtc:LowerBoundary>
                        <rtc:UpperBoundary>40</rtc:UpperBoundary>
                    </rtc:propertyIsBetween>
                </rtc:ConstraintUnitType>
            </rtc:Constraint>
            <rtcDoc:Doc rtcDoc:constraint="" rtcDoc:range="0&lt;=x&lt;=40" rtcDoc:unit="" rtcDoc:description="weak_pass_filter内の検査範囲指定変数" rtcDoc:defaultValue="10" rtcDoc:dataname="wkpass_range"/>
            <rtcExt:Properties rtcExt:value="text" rtcExt:name="__widget__"/>
        </rtc:Configuration>
        <rtc:Configuration xsi:type="rtcExt:configuration_ext" rtcExt:variableName="wkpass_limit" rtc:unit="" rtc:defaultValue="5" rtc:type="int" rtc:name="wkpass_limit">
            <rtcDoc:Doc rtcDoc:constraint="" rtcDoc:range="" rtcDoc:unit="" rtcDoc:description="strong_pass_filterで使用するデータ削除闘値" rtcDoc:defaultValue="5" rtcDoc:dataname="wkpass_limit"/>
            <rtcExt:Properties rtcExt:value="text" rtcExt:name="__widget__"/>
        </rtc:Configuration>
        <rtc:Configuration xsi:type="rtcExt:configuration_ext" rtcExt:variableName="pdevide_range" rtc:unit="" rtc:defaultValue="10" rtc:type="int" rtc:name="pdevide_range">
            <rtc:Constraint>
                <rtc:ConstraintUnitType>
                    <rtc:propertyIsBetween>
                        <rtc:LowerBoundary>0</rtc:LowerBoundary>
                        <rtc:UpperBoundary>40</rtc:UpperBoundary>
                    </rtc:propertyIsBetween>
                </rtc:ConstraintUnitType>
            </rtc:Constraint>
            <rtcDoc:Doc rtcDoc:constraint="" rtcDoc:range="0&lt;=x&lt;=40" rtcDoc:unit="" rtcDoc:description="parson_diveide_method内の検査範囲指定変数" rtcDoc:defaultValue="10" rtcDoc:dataname="pdevide_range"/>
            <rtcExt:Properties rtcExt:value="text" rtcExt:name="__widget__"/>
        </rtc:Configuration>
        <rtc:Configuration xsi:type="rtcExt:configuration_ext" rtcExt:variableName="pdevide_limit" rtc:unit="" rtc:defaultValue="0" rtc:type="int" rtc:name="pdevide_limit">
            <rtcDoc:Doc rtcDoc:constraint="" rtcDoc:range="" rtcDoc:unit="" rtcDoc:description="parson_devide_methodで使用するデータ分割闘値" rtcDoc:defaultValue="0" rtcDoc:dataname="pdevide_limit"/>
            <rtcExt:Properties rtcExt:value="text" rtcExt:name="__widget__"/>
        </rtc:Configuration>
        <rtc:Configuration xsi:type="rtcExt:configuration_ext" rtcExt:variableName="pdevide_delsize" rtc:unit="" rtc:defaultValue="5" rtc:type="int" rtc:name="pdevide_delsize">
            <rtcDoc:Doc rtcDoc:constraint="" rtcDoc:range="" rtcDoc:unit="" rtcDoc:description="parson_devide_methodで使用するデータ削除闘値" rtcDoc:defaultValue="5" rtcDoc:dataname="pdevide_delsize"/>
            <rtcExt:Properties rtcExt:value="text" rtcExt:name="__widget__"/>
        </rtc:Configuration>
        <rtc:Configuration xsi:type="rtcExt:configuration_ext" rtcExt:variableName="cut_range" rtc:unit="" rtc:defaultValue="40" rtc:type="int" rtc:name="cut_range">
            <rtcDoc:Doc rtcDoc:constraint="" rtcDoc:range="" rtcDoc:unit="" rtcDoc:description="カメラ追従対象をロックオンする際に、この範囲以上のフラグは全て折られる" rtcDoc:defaultValue="40" rtcDoc:dataname="cut_range"/>
            <rtcExt:Properties rtcExt:value="text" rtcExt:name="__widget__"/>
        </rtc:Configuration>
        <rtc:Configuration xsi:type="rtcExt:configuration_ext" rtcExt:variableName="cut_range_other" rtc:unit="" rtc:defaultValue="100" rtc:type="int" rtc:name="cut_range_other">
            <rtcDoc:Doc rtcDoc:constraint="" rtcDoc:range="" rtcDoc:unit="" rtcDoc:description="複数オブジェクトをロックオンする際に、この範囲以上のフラグは全て折られる" rtcDoc:defaultValue="100" rtcDoc:dataname="cut_range_other"/>
            <rtcExt:Properties rtcExt:value="text" rtcExt:name="__widget__"/>
        </rtc:Configuration>
        <rtc:Configuration xsi:type="rtcExt:configuration_ext" rtcExt:variableName="cut_dist" rtc:unit="mm" rtc:defaultValue="500" rtc:type="int" rtc:name="cut_dist">
            <rtcDoc:Doc rtcDoc:constraint="" rtcDoc:range="" rtcDoc:unit="" rtcDoc:description="カメラ追従対象ロックオン時、奥行きがこの範囲を超えた場所のフラグは全て折られる" rtcDoc:defaultValue="500" rtcDoc:dataname="cut_dist"/>
            <rtcExt:Properties rtcExt:value="text" rtcExt:name="__widget__"/>
        </rtc:Configuration>
        <rtc:Configuration xsi:type="rtcExt:configuration_ext" rtcExt:variableName="cut_dist_other" rtc:unit="mm" rtc:defaultValue="500" rtc:type="int" rtc:name="cut_dist_other">
            <rtcDoc:Doc rtcDoc:constraint="" rtcDoc:range="" rtcDoc:unit="" rtcDoc:description="複数物体ロックオン時、奥行きがこの範囲を超えた場所のフラグは全て折られる" rtcDoc:defaultValue="500" rtcDoc:dataname="cut_dist_other"/>
            <rtcExt:Properties rtcExt:value="text" rtcExt:name="__widget__"/>
        </rtc:Configuration>
        <rtc:Configuration xsi:type="rtcExt:configuration_ext" rtcExt:variableName="lost_limit" rtc:unit="" rtc:defaultValue="50" rtc:type="int" rtc:name="lost_limit">
            <rtcDoc:Doc rtcDoc:constraint="" rtcDoc:range="" rtcDoc:unit="" rtcDoc:description="この値の回数だけ追従対象が見つからない時は現在角度をリセットする" rtcDoc:defaultValue="50" rtcDoc:dataname="lost_limit"/>
            <rtcExt:Properties rtcExt:value="text" rtcExt:name="__widget__"/>
        </rtc:Configuration>
        <rtc:Configuration xsi:type="rtcExt:configuration_ext" rtcExt:variableName="max_dist" rtc:unit="mm" rtc:defaultValue="2000" rtc:type="int" rtc:name="max_dist">
            <rtcDoc:Doc rtcDoc:constraint="" rtcDoc:range="" rtcDoc:unit="" rtcDoc:description="スキャンしたデータがこの距離以上な場合はデータを0にする" rtcDoc:defaultValue="2000" rtcDoc:dataname="max_dist"/>
            <rtcExt:Properties rtcExt:value="text" rtcExt:name="__widget__"/>
        </rtc:Configuration>
        <rtc:Configuration xsi:type="rtcExt:configuration_ext" rtcExt:variableName="object_rate" rtc:unit="" rtc:defaultValue="0.8" rtc:type="double" rtc:name="object_rate">
            <rtcDoc:Doc rtcDoc:constraint="" rtcDoc:range="" rtcDoc:unit="" rtcDoc:description="初期測定時の環境と比較してこの割合以下のデータがある場所に物があると認識する" rtcDoc:defaultValue="0.8" rtcDoc:dataname="object_rate"/>
            <rtcExt:Properties rtcExt:value="text" rtcExt:name="__widget__"/>
        </rtc:Configuration>
        <rtc:Configuration xsi:type="rtcExt:configuration_ext" rtcExt:variableName="connect_size" rtc:unit="mm" rtc:defaultValue="100" rtc:type="int" rtc:name="connect_size">
            <rtcDoc:Doc rtcDoc:constraint="" rtcDoc:range="" rtcDoc:unit="mm" rtcDoc:description="この値以下の距離だけ近づいたオブジェクト同士は1つにまとめられる" rtcDoc:defaultValue="100" rtcDoc:dataname="connect_size"/>
            <rtcExt:Properties rtcExt:value="text" rtcExt:name="__widget__"/>
        </rtc:Configuration>
    </rtc:ConfigurationSet>
    <rtc:DataPorts xsi:type="rtcExt:dataport_ext" rtcExt:position="LEFT" rtcExt:variableName="scan" rtc:unit="" rtc:subscriptionType="" rtc:dataflowType="" rtc:interfaceType="" rtc:idlFile="" rtc:type="RTC::RangeData" rtc:name="LRF_Scan_Data" rtc:portType="DataInPort">
        <rtcDoc:Doc rtcDoc:operation="" rtcDoc:occerrence="" rtcDoc:unit="mm" rtcDoc:semantics="LRFのスキャンデータ" rtcDoc:number="" rtcDoc:type="RangeData" rtcDoc:description="LRFから送られてきたデータを受け取るポート"/>
    </rtc:DataPorts>
    <rtc:DataPorts xsi:type="rtcExt:dataport_ext" rtcExt:position="RIGHT" rtcExt:variableName="Target_Pos" rtc:unit="" rtc:subscriptionType="" rtc:dataflowType="" rtc:interfaceType="" rtc:idlFile="" rtc:type="RTC::TimedLong" rtc:name="Target_Pos" rtc:portType="DataOutPort">
        <rtcDoc:Doc rtcDoc:operation="" rtcDoc:occerrence="" rtcDoc:unit="degree" rtcDoc:semantics="パン軸モーターへの動作指示" rtcDoc:number="" rtcDoc:type="TimedLong" rtcDoc:description="モーターへ人追尾の動作指示を出すポート"/>
    </rtc:DataPorts>
    <rtc:DataPorts xsi:type="rtcExt:dataport_ext" rtcExt:position="RIGHT" rtcExt:variableName="Target_Pos2" rtc:unit="" rtc:subscriptionType="" rtc:dataflowType="" rtc:interfaceType="" rtc:idlFile="" rtc:type="RTC::TimedLong" rtc:name="Target_Pos2" rtc:portType="DataOutPort">
        <rtcDoc:Doc rtcDoc:operation="" rtcDoc:occerrence="" rtcDoc:unit="degree" rtcDoc:semantics="チルト軸モーターへの動作指示" rtcDoc:number="" rtcDoc:type="TimedLong" rtcDoc:description="モーターへ人追尾の動作指示を出すポート"/>
    </rtc:DataPorts>
    <rtc:Language xsi:type="rtcExt:language_ext" rtc:kind="C++"/>
</rtc:RtcProfile>
