<?xml version="1.0" encoding="UTF-8" standalone="yes"?>
<rtc:RtcProfile rtc:version="0.2" rtc:id="RTC:Shogo Namatame:Motor_driver:Maxon_motor:1.0.0" xmlns:rtcExt="http://www.openrtp.org/namespaces/rtc_ext" xmlns:rtcDoc="http://www.openrtp.org/namespaces/rtc_doc" xmlns:rtc="http://www.openrtp.org/namespaces/rtc" xmlns:xsi="http://www.w3.org/2001/XMLSchema-instance">
    <rtc:BasicInfo xsi:type="rtcExt:basic_info_ext" rtcExt:saveProject="Maxon_motor" rtc:updateDate="2012-08-25T16:44:34.540+09:00" rtc:creationDate="2012-08-25T01:40:07.258+09:00" rtc:abstract="InPortから受け取った角度指示値をEPOSに送りモーターを駆動させます" rtc:version="1.0.0" rtc:vendor="Shogo Namatame" rtc:maxInstances="0" rtc:executionType="PeriodicExecutionContext" rtc:executionRate="1000.0" rtc:description="Motor_driver" rtc:category="Motor_driver" rtc:componentKind="DataFlowComponent" rtc:activityType="PERIODIC" rtc:componentType="STATIC" rtc:name="Maxon_motor">
        <rtcDoc:Doc rtcDoc:reference="マクソンモータ（株）が公開しているライブラリとサンプルプログラムの一部を利用" rtcDoc:license="修正BSDライセンス" rtcDoc:creator="Shogo Namatame&lt;br/&gt;b09074@shibaura-it.ac.jp" rtcDoc:algorithm="取得したデータをEPOS用に整理して送信する" rtcDoc:inout="InPortから得られたデータをEPOSに送る" rtcDoc:description="InPortから得られた角度指令値をEPOSに送り、モーターの位置決めを行うコンポーネント"/>
        <rtcExt:VersionUpLogs></rtcExt:VersionUpLogs>
        <rtcExt:VersionUpLogs></rtcExt:VersionUpLogs>
        <rtcExt:VersionUpLogs></rtcExt:VersionUpLogs>
        <rtcExt:VersionUpLogs></rtcExt:VersionUpLogs>
        <rtcExt:VersionUpLogs></rtcExt:VersionUpLogs>
        <rtcExt:VersionUpLogs></rtcExt:VersionUpLogs>
    </rtc:BasicInfo>
    <rtc:Actions>
        <rtc:OnInitialize xsi:type="rtcDoc:action_status_doc" rtc:implemented="true">
            <rtcDoc:Doc rtcDoc:postCondition="" rtcDoc:preCondition="" rtcDoc:description="各変数の初期化を行う"/>
        </rtc:OnInitialize>
        <rtc:OnFinalize xsi:type="rtcDoc:action_status_doc" rtc:implemented="true">
            <rtcDoc:Doc rtcDoc:postCondition="" rtcDoc:preCondition="" rtcDoc:description="EPOSとの通信切断処理"/>
        </rtc:OnFinalize>
        <rtc:OnStartup xsi:type="rtcDoc:action_status_doc" rtc:implemented="false"/>
        <rtc:OnShutdown xsi:type="rtcDoc:action_status_doc" rtc:implemented="false"/>
        <rtc:OnActivated xsi:type="rtcDoc:action_status_doc" rtc:implemented="true">
            <rtcDoc:Doc rtcDoc:postCondition="" rtcDoc:preCondition="EPOSの配線が正しく行われている" rtcDoc:description="EPOSに接続する処理"/>
        </rtc:OnActivated>
        <rtc:OnDeactivated xsi:type="rtcDoc:action_status_doc" rtc:implemented="true">
            <rtcDoc:Doc rtcDoc:postCondition="" rtcDoc:preCondition="" rtcDoc:description="モーターの駆動を停止させる（サーボを落とす）"/>
        </rtc:OnDeactivated>
        <rtc:OnAborting xsi:type="rtcDoc:action_status_doc" rtc:implemented="true">
            <rtcDoc:Doc rtcDoc:postCondition="" rtcDoc:preCondition="" rtcDoc:description="エラー発生時にモーターの駆動をを停止させる処理（サーボを落とす）"/>
        </rtc:OnAborting>
        <rtc:OnError xsi:type="rtcDoc:action_status_doc" rtc:implemented="true">
            <rtcDoc:Doc rtcDoc:postCondition="" rtcDoc:preCondition="" rtcDoc:description="モーターが誤動作しないように静止させておく"/>
        </rtc:OnError>
        <rtc:OnReset xsi:type="rtcDoc:action_status_doc" rtc:implemented="true">
            <rtcDoc:Doc rtcDoc:postCondition="" rtcDoc:preCondition="" rtcDoc:description="エラーからの回復処理"/>
        </rtc:OnReset>
        <rtc:OnExecute xsi:type="rtcDoc:action_status_doc" rtc:implemented="true">
            <rtcDoc:Doc rtcDoc:postCondition="" rtcDoc:preCondition="EPOSと正しく通信が出来ていること" rtcDoc:description="InPortから角度指示値データを取得し、EPOSを介してモーターを動作させる"/>
        </rtc:OnExecute>
        <rtc:OnStateUpdate xsi:type="rtcDoc:action_status_doc" rtc:implemented="false"/>
        <rtc:OnRateChanged xsi:type="rtcDoc:action_status_doc" rtc:implemented="false"/>
        <rtc:OnAction xsi:type="rtcDoc:action_status_doc" rtc:implemented="false"/>
        <rtc:OnModeChanged xsi:type="rtcDoc:action_status_doc" rtc:implemented="false"/>
    </rtc:Actions>
    <rtc:ConfigurationSet>
        <rtc:Configuration xsi:type="rtcExt:configuration_ext" rtcExt:variableName="usNodeId" rtc:unit="" rtc:defaultValue="1" rtc:type="DWORD" rtc:name="usNodeId">
            <rtcDoc:Doc rtcDoc:constraint="" rtcDoc:range="" rtcDoc:unit="" rtcDoc:description="複数のEPOSを個別に制御するための変数&lt;br/&gt;EPOS基盤上のスライドスイッチと対応" rtcDoc:defaultValue="0" rtcDoc:dataname="usNodeId"/>
            <rtcExt:Properties rtcExt:value="text" rtcExt:name="__widget__"/>
        </rtc:Configuration>
        <rtc:Configuration xsi:type="rtcExt:configuration_ext" rtcExt:variableName="bMode" rtc:unit="" rtc:defaultValue="0" rtc:type="char" rtc:name="bMode">
            <rtcDoc:Doc rtcDoc:constraint="" rtcDoc:range="" rtcDoc:unit="" rtcDoc:description="EPOSのモードを設定する変数" rtcDoc:defaultValue="0" rtcDoc:dataname="char"/>
            <rtcExt:Properties rtcExt:value="text" rtcExt:name="__widget__"/>
        </rtc:Configuration>
        <rtc:Configuration xsi:type="rtcExt:configuration_ext" rtcExt:variableName="ulProfileVelocity" rtc:unit="" rtc:defaultValue="500" rtc:type="DWORD" rtc:name="ulProfileVelocity">
            <rtcDoc:Doc rtcDoc:constraint="" rtcDoc:range="" rtcDoc:unit="" rtcDoc:description="取得した現在設定の速度指令値" rtcDoc:defaultValue="500" rtcDoc:dataname="ulProfileVelocity"/>
            <rtcExt:Properties rtcExt:value="text" rtcExt:name="__widget__"/>
        </rtc:Configuration>
        <rtc:Configuration xsi:type="rtcExt:configuration_ext" rtcExt:variableName="ulProfileAcceleration" rtc:unit="" rtc:defaultValue="5000" rtc:type="DWORD" rtc:name="ulProfileAcceleration">
            <rtcDoc:Doc rtcDoc:constraint="" rtcDoc:range="" rtcDoc:unit="" rtcDoc:description="取得した現在設定の加速度指令値" rtcDoc:defaultValue="5000" rtcDoc:dataname="ulProfileAcceleration"/>
            <rtcExt:Properties rtcExt:value="text" rtcExt:name="__widget__"/>
        </rtc:Configuration>
        <rtc:Configuration xsi:type="rtcExt:configuration_ext" rtcExt:variableName="ulProfileDeceleration" rtc:unit="" rtc:defaultValue="5000" rtc:type="DWORD" rtc:name="ulProfileDeceleration">
            <rtcDoc:Doc rtcDoc:constraint="" rtcDoc:range="" rtcDoc:unit="" rtcDoc:description="取得した現在設定の減速度指令値" rtcDoc:defaultValue="5000" rtcDoc:dataname="ulProfileDeceleration"/>
            <rtcExt:Properties rtcExt:value="text" rtcExt:name="__widget__"/>
        </rtc:Configuration>
        <rtc:Configuration xsi:type="rtcExt:configuration_ext" rtcExt:variableName="lStartPosition" rtc:unit="" rtc:defaultValue="0" rtc:type="long" rtc:name="lStartPosition">
            <rtcDoc:Doc rtcDoc:constraint="" rtcDoc:range="" rtcDoc:unit="" rtcDoc:description="初期動作時の角度を表す値" rtcDoc:defaultValue="0" rtcDoc:dataname="lStartPosition"/>
            <rtcExt:Properties rtcExt:value="text" rtcExt:name="__widget__"/>
        </rtc:Configuration>
        <rtc:Configuration xsi:type="rtcExt:configuration_ext" rtcExt:variableName="abs_mode" rtc:unit="" rtc:defaultValue="1" rtc:type="bool" rtc:name="abs_mode">
            <rtc:Constraint>
                <rtc:ConstraintUnitType>
                    <rtc:Or>
                        <rtc:Constraint>
                            <rtc:ConstraintUnitType>
                                <rtc:propertyIsEqualTo rtc:matchCase="false">
                                    <rtc:Literal>0</rtc:Literal>
                                </rtc:propertyIsEqualTo>
                            </rtc:ConstraintUnitType>
                        </rtc:Constraint>
                        <rtc:Constraint>
                            <rtc:ConstraintUnitType>
                                <rtc:propertyIsEqualTo rtc:matchCase="false">
                                    <rtc:Literal>1</rtc:Literal>
                                </rtc:propertyIsEqualTo>
                            </rtc:ConstraintUnitType>
                        </rtc:Constraint>
                    </rtc:Or>
                </rtc:ConstraintUnitType>
            </rtc:Constraint>
            <rtcDoc:Doc rtcDoc:constraint="" rtcDoc:range="" rtcDoc:unit="" rtcDoc:description="角度指令の方法を選択する変数&lt;br/&gt;0：相対座標指令&lt;br/&gt;1：絶対座標指令" rtcDoc:defaultValue="1" rtcDoc:dataname="oRadio"/>
            <rtcExt:Properties rtcExt:value="radio" rtcExt:name="__widget__"/>
        </rtc:Configuration>
        <rtc:Configuration xsi:type="rtcExt:configuration_ext" rtcExt:variableName="set_Position" rtc:unit="" rtc:defaultValue="0" rtc:type="long" rtc:name="set_Position">
            <rtcDoc:Doc rtcDoc:constraint="" rtcDoc:range="" rtcDoc:unit="" rtcDoc:description="モーター動作時、新たに設定する位置指令値" rtcDoc:defaultValue="0" rtcDoc:dataname="set_Position"/>
            <rtcExt:Properties rtcExt:value="text" rtcExt:name="__widget__"/>
        </rtc:Configuration>
        <rtc:Configuration xsi:type="rtcExt:configuration_ext" rtcExt:variableName="range_limit" rtc:unit="" rtc:defaultValue="90" rtc:type="int" rtc:name="range_limit">
            <rtcDoc:Doc rtcDoc:constraint="" rtcDoc:range="" rtcDoc:unit="" rtcDoc:description="モーターの動作限界角度範囲" rtcDoc:defaultValue="90" rtcDoc:dataname="range_limit"/>
            <rtcExt:Properties rtcExt:value="text" rtcExt:name="__widget__"/>
        </rtc:Configuration>
        <rtc:Configuration xsi:type="rtcExt:configuration_ext" rtcExt:variableName="gear_para" rtc:unit="" rtc:defaultValue="90" rtc:type="long" rtc:name="gear_para">
            <rtcDoc:Doc rtcDoc:constraint="" rtcDoc:range="" rtcDoc:unit="" rtcDoc:description="ギアとエンコーダーの分解能などの固有値によって決まる動作定数" rtcDoc:defaultValue="90" rtcDoc:dataname="gear_para"/>
            <rtcExt:Properties rtcExt:value="text" rtcExt:name="__widget__"/>
        </rtc:Configuration>
        <rtc:Configuration xsi:type="rtcExt:configuration_ext" rtcExt:variableName="DeviceName" rtc:unit="" rtc:defaultValue="EPOS2" rtc:type="string" rtc:name="DeviceName">
            <rtc:Constraint>
                <rtc:ConstraintUnitType>
                    <rtc:Or>
                        <rtc:Constraint>
                            <rtc:ConstraintUnitType>
                                <rtc:propertyIsEqualTo rtc:matchCase="false">
                                    <rtc:Literal>EPOS</rtc:Literal>
                                </rtc:propertyIsEqualTo>
                            </rtc:ConstraintUnitType>
                        </rtc:Constraint>
                        <rtc:Constraint>
                            <rtc:ConstraintUnitType>
                                <rtc:propertyIsEqualTo rtc:matchCase="false">
                                    <rtc:Literal>EPOS2</rtc:Literal>
                                </rtc:propertyIsEqualTo>
                            </rtc:ConstraintUnitType>
                        </rtc:Constraint>
                    </rtc:Or>
                </rtc:ConstraintUnitType>
            </rtc:Constraint>
            <rtcDoc:Doc rtcDoc:constraint="" rtcDoc:range="(EPOS,EPOS2)" rtcDoc:unit="" rtcDoc:description="" rtcDoc:defaultValue="EPOS2" rtcDoc:dataname="DeviceName"/>
            <rtcExt:Properties rtcExt:value="radio" rtcExt:name="__widget__"/>
        </rtc:Configuration>
        <rtc:Configuration xsi:type="rtcExt:configuration_ext" rtcExt:variableName="ProtocolStackName" rtc:unit="" rtc:defaultValue="MAXON_SERIAL_V2" rtc:type="string" rtc:name="ProtocolStackName">
            <rtc:Constraint>
                <rtc:ConstraintUnitType>
                    <rtc:Or>
                        <rtc:Constraint>
                            <rtc:ConstraintUnitType>
                                <rtc:propertyIsEqualTo rtc:matchCase="false">
                                    <rtc:Literal>MAXON_SERIAL_V2</rtc:Literal>
                                </rtc:propertyIsEqualTo>
                            </rtc:ConstraintUnitType>
                        </rtc:Constraint>
                        <rtc:Constraint>
                            <rtc:ConstraintUnitType>
                                <rtc:propertyIsEqualTo rtc:matchCase="false">
                                    <rtc:Literal>MAXON_RS232</rtc:Literal>
                                </rtc:propertyIsEqualTo>
                            </rtc:ConstraintUnitType>
                        </rtc:Constraint>
                        <rtc:Constraint>
                            <rtc:ConstraintUnitType>
                                <rtc:propertyIsEqualTo rtc:matchCase="false">
                                    <rtc:Literal>CANopen</rtc:Literal>
                                </rtc:propertyIsEqualTo>
                            </rtc:ConstraintUnitType>
                        </rtc:Constraint>
                    </rtc:Or>
                </rtc:ConstraintUnitType>
            </rtc:Constraint>
            <rtcDoc:Doc rtcDoc:constraint="" rtcDoc:range="(MAXON_SERIAL_V2,MAXON_RS232,CANopen)" rtcDoc:unit="" rtcDoc:description="" rtcDoc:defaultValue="MAXON_SERIAL_V2" rtcDoc:dataname="ProtocolStackName"/>
            <rtcExt:Properties rtcExt:value="radio" rtcExt:name="__widget__"/>
        </rtc:Configuration>
        <rtc:Configuration xsi:type="rtcExt:configuration_ext" rtcExt:variableName="InterfaceName" rtc:unit="" rtc:defaultValue="USB" rtc:type="string" rtc:name="InterfaceName">
            <rtc:Constraint>
                <rtc:ConstraintUnitType>
                    <rtc:propertyIsEqualTo rtc:matchCase="false">
                        <rtc:Literal>USB</rtc:Literal>
                    </rtc:propertyIsEqualTo>
                </rtc:ConstraintUnitType>
            </rtc:Constraint>
            <rtcDoc:Doc rtcDoc:constraint="" rtcDoc:range="USB" rtcDoc:unit="" rtcDoc:description="" rtcDoc:defaultValue="USB" rtcDoc:dataname="InterfaceName"/>
            <rtcExt:Properties rtcExt:value="text" rtcExt:name="__widget__"/>
        </rtc:Configuration>
        <rtc:Configuration xsi:type="rtcExt:configuration_ext" rtcExt:variableName="PortName" rtc:unit="" rtc:defaultValue="USB0" rtc:type="string" rtc:name="PortName">
            <rtc:Constraint>
                <rtc:ConstraintUnitType>
                    <rtc:Or>
                        <rtc:Constraint>
                            <rtc:ConstraintUnitType>
                                <rtc:propertyIsEqualTo rtc:matchCase="false">
                                    <rtc:Literal>USB0</rtc:Literal>
                                </rtc:propertyIsEqualTo>
                            </rtc:ConstraintUnitType>
                        </rtc:Constraint>
                        <rtc:Constraint>
                            <rtc:ConstraintUnitType>
                                <rtc:propertyIsEqualTo rtc:matchCase="false">
                                    <rtc:Literal>USB1</rtc:Literal>
                                </rtc:propertyIsEqualTo>
                            </rtc:ConstraintUnitType>
                        </rtc:Constraint>
                    </rtc:Or>
                </rtc:ConstraintUnitType>
            </rtc:Constraint>
            <rtcDoc:Doc rtcDoc:constraint="" rtcDoc:range="" rtcDoc:unit="" rtcDoc:description="" rtcDoc:defaultValue="USB0" rtcDoc:dataname="PortName"/>
            <rtcExt:Properties rtcExt:value="radio" rtcExt:name="__widget__"/>
        </rtc:Configuration>
    </rtc:ConfigurationSet>
    <rtc:DataPorts xsi:type="rtcExt:dataport_ext" rtcExt:position="LEFT" rtcExt:variableName="Target_Pos" rtc:unit="" rtc:subscriptionType="" rtc:dataflowType="" rtc:interfaceType="" rtc:idlFile="" rtc:type="RTC::TimedLong" rtc:name="Target_Pos" rtc:portType="DataInPort">
        <rtcDoc:Doc rtcDoc:operation="" rtcDoc:occerrence="" rtcDoc:unit="degree" rtcDoc:semantics="モーターへ送る角度指示値" rtcDoc:number="" rtcDoc:type="TimedLong" rtcDoc:description="角度指示値を取得するポート"/>
    </rtc:DataPorts>
    <rtc:DataPorts xsi:type="rtcExt:dataport_ext" rtcExt:position="RIGHT" rtcExt:variableName="Now_Pos" rtc:unit="" rtc:subscriptionType="" rtc:dataflowType="" rtc:interfaceType="" rtc:idlFile="" rtc:type="RTC::TimedLong" rtc:name="Now_Pos" rtc:portType="DataOutPort">
        <rtcDoc:Doc rtcDoc:operation="" rtcDoc:occerrence="" rtcDoc:unit="degree" rtcDoc:semantics="" rtcDoc:number="" rtcDoc:type="TimedLong" rtcDoc:description="現在角度を出力するポート"/>
    </rtc:DataPorts>
    <rtc:Language xsi:type="rtcExt:language_ext" rtc:kind="C++"/>
</rtc:RtcProfile>
